f1,f2,f3,f4,f5,f6,f7,f8,score
-3.34819330449178,-0.512901333558248,2.0553144010485833,0.8628918342124284,0.5485292004111326,0.7523212486095122,2.16700792227655,0.2856647443568252,7
1.4890910222912106,-1.8666872649247004,0.19773880976069716,0.18302634308366572,-0.18746879003484254,0.43023704095909343,0.6244917088341624,0.6934504930471238,7
-0.8156436279355685,1.378410187934503,0.5284448652457805,-0.22910509439434043,-1.8208937459499437,0.7664315055584601,-0.7755181247576903,0.6767438249779821,5
-0.08540001644810952,1.1176353248341884,0.3069877405180675,-0.5955131741884714,-0.9727494496403308,0.2292277086614145,0.38900835524382754,-0.593772849785666,5
-0.6622900604383993,1.443372041801616,1.2975315095682427,-0.046466906222079725,-1.2264653683592135,-0.1281547431156207,-0.572220287791165,0.011255166069466695,5
-1.6615784697509834,1.9279431065469461,0.26141577740303923,0.27706086700900473,0.30301627481769006,-1.2412676280886148,1.3596838644296985,-0.23611694455425275,5
-1.2982698095917145,-0.057685708316991574,-2.7861176776133827,-0.014499137989696455,-0.03371827925039163,1.194753938916569,0.6360519821451593,0.07436781126452247,4
2.2944535231811196,0.9236013511894018,1.1531394023879784,0.059231911534582134,-0.7734220055889897,-1.0144983215275958,0.03521822796212876,-0.3984119895416771,5
3.413346513001451,-1.6686625401756547,0.4269007016347189,-2.3657963474436317,1.340296803194617,0.5364731818984535,0.5966185154973123,-1.215881370866452,7
-0.6469795033699164,-0.774011178161331,1.8335203324732527,-0.40372997287650925,-0.7815695381618991,-0.8351717029164004,-0.7099619525327608,-0.727140976146658,5
4.591034161835077,-1.0250808335184938,-1.041887406056236,-0.5058923642464541,-0.944781098690661,-1.184743155441143,0.822665424483284,0.4345475911641059,7
0.18379087396633084,0.9070901483018277,-0.22771811708892595,-0.003652028186724152,-0.7899486920153433,-0.4799651018562117,-0.02745276870173617,-0.03267901364751841,6
1.2631289013869784,5.408890941451442,1.9739581800013501,0.6051508845320994,1.371352490215652,1.5777631028881667,-2.123327440068812,-1.145746352216473,5
-3.314053365788565,-1.7024105717234346,0.0016705291054769408,-0.03483831695116163,0.7796045838411156,-0.9455072830639079,-0.11800530379871893,-0.3936271224996662,5
-1.1010106449541284,0.7636733915799157,-2.6044058277118975,0.11864305821082616,0.09181129892616757,0.6240975011171133,0.8913187505062148,0.41397999881735364,6
3.1563584475455504,1.2972404677535698,-0.004177005671231278,-1.3472058012239285,-1.0806124437710773,0.4468196671353541,-0.06194564999717637,-1.0640940137670316,5
0.7713414356431096,-0.39434816355768254,-1.2456841907624854,0.8108324273058928,0.10981837639108165,-0.33488916524898504,0.1843302734196935,0.1759354031259922,5
0.1617225010991925,0.8525510131660997,-0.2883999716857277,0.517546902085945,-0.27464913091203724,-1.2352436466920642,0.15028410392180705,-0.2643750951423654,6
-0.575976978674404,1.453862055729646,-0.8718563486618065,-0.5728931386242899,0.4102623466261323,-0.16752461840154184,-0.46457480773583093,0.2971772074204692,5
1.968607312010595,-1.8780009168123541,0.03866147270140916,-0.05095410076904008,0.4936796390695372,0.7624460920614642,0.23062288850084822,-1.106681750682135,6
-2.2204890731393436,-1.097119438494489,0.6906506165701278,-0.2110190606777364,0.06158034896381135,0.10457685293410873,-0.20298740770483492,-0.009518730366614438,6
1.576732522802372,1.2141987508545864,-1.353223148590877,-0.48953032157180554,-0.27737190348821483,-0.241878226089983,0.20320309506026013,0.33914898924105785,5
0.8606076260677477,1.3388624005372576,0.19810433201513653,-0.6052044548267471,-0.7297355065066494,-0.8631676750934049,-0.1548834619186236,-0.6672176955065872,6
-2.773307332720778,0.4809457582939888,0.765499972131228,-0.05320469432081975,0.7643124889526239,0.7070009149252694,0.49550129054090414,0.02293529014429346,6
1.615415814811086,-1.1795366136047538,0.1820019082609739,-0.3896304953289712,-0.5706365040117418,0.6729490205867414,0.35574105402829453,0.0628787065353134,6
-1.0549467393609875,-1.2065427525713337,-1.0472961121334399,-0.4445373013896939,0.12769638765646835,0.3314162626181641,-0.9009955014590176,0.6010443746069531,5
-1.1040077429957844,-0.9081001486157901,0.2050910223546225,0.6979120456536391,-0.09530812274896241,-1.1265792671848718,-0.4586789170565656,0.6339772419408481,7
1.9064383282853425,2.6182744576879062,0.772466387866813,-0.5316000854794743,-1.4799803873437576,0.6812387396502287,-0.18173759829540884,-0.19600969307081806,5
-1.0213230965647924,0.2940786046505769,0.7320599850962195,0.0922513650918216,-0.34030055130566805,-0.8624751366615034,-0.23280274925278646,-0.5443389293552674,5
5.672785402649532,-1.108671502252307,-1.842450988075599,-0.36757125959447323,-1.5756027505557777,-0.508051747478077,0.4785858275511762,0.47652818951753056,6
0.2879166896847457,0.33325693158196573,0.33723804677474895,0.659855276944022,0.4641648205745517,-0.7624430633555528,0.9241095889383342,0.5155991790068252,7
-1.7881179551814275,0.3835107432320407,-1.0043566026357071,-0.8041401698875699,-0.1398963268746976,1.5640980153224164,1.043094594176968,-0.3761537064721647,5
0.7451605561154234,-0.07937535141019503,3.138155237336926,-0.1543299544242511,-0.7127744687343669,-1.2952591267907614,0.4624620762222128,0.36473408024489856,5
-1.7173148216877419,-0.10306951487575179,-0.27441164275605334,-0.6843115575428075,1.157622301781575,0.629361680468602,-0.270918043987548,0.35160765351090334,4
-0.18884474611776034,0.3016064773421282,-1.9928409181604274,0.16151148570797874,0.8259325011473295,-0.12594268170355763,0.8402747263558651,-0.22261620043622446,5
0.6163118999364706,0.0897474005337778,-0.10728628248617786,1.8076536507096115,-0.2185848668119127,-0.4238627778497744,0.5348036921484709,1.270184864792253,5
3.300291381868171,0.409622104488551,0.5329810537603036,-0.8719651211484569,-0.7983097526421452,-0.1788317891593283,0.825437808471878,-0.2593314354667695,6
-0.5234882891797538,1.2920985384010193,-1.1093607748101748,-0.0589258026032245,-1.0815006560325848,1.7003966630897285,-0.3803965655632499,0.4415231104747751,5
-3.5633766565152354,-1.4621463750105559,3.863800309272783,0.10019390993702695,0.6743584943419607,-0.2740141197088132,0.6439926661363926,-0.04200972314242882,6
0.0875981687546881,1.4401538184793474,-0.04914576697913838,-0.2188113970022491,-1.1178329988898579,0.43224458065861127,-0.12750708604466116,0.3530372433798508,6
1.0759599352041123,-0.22762252797935004,-1.8425941254071105,-0.19072243952425208,-0.5258031247618776,0.7200680227023615,0.07874563393948929,0.7865915133456913,5
2.777339859118098,-1.3615431878922999,-0.8303997330637265,-0.0015436247651494333,-0.20621223115388201,-1.200880957925768,-0.12146339033582533,0.07159643987387532,5
-2.13995241829487,-1.075447892335481,-0.5577218644048314,-0.012074583404028127,0.9386617023725574,0.2906925780644207,0.7873000672220951,0.41238827853450694,6
1.7284352501653901,-1.0226043738895727,-1.1820378620665515,-0.544354415075452,-0.8641957863762234,-0.05113164814568926,-0.9802134244770622,-0.3117661645365333,5
-1.1010106449541284,0.7636733915799157,-2.6044058277118975,0.11864305821082616,0.09181129892616757,0.6240975011171133,0.8913187505062148,0.41397999881735364,6
0.2361062444855789,-1.6777311559908223,2.1295631724238095,-0.02905036485599755,0.2561951447117052,0.3437111978891898,0.13404076461585077,0.11367410102504817,7
2.370286439368241,-1.4154035727842043,0.778931160892114,0.02108342386691609,0.7368082645172793,0.5531232931398792,0.15666270678750713,-0.7980535658250355,7
-0.21720285742248419,-0.024737453766334808,1.9203422772464216,0.9264096296183287,0.11674587769653008,-1.7159883067162074,0.22506589770340846,0.7469144380177706,5
0.7084794585972081,-1.90007646826698,1.368731304879064,0.12985492630226703,-0.0475596795130419,-0.2820304882975315,0.44191788134278986,0.6919353162933083,7
-2.442073444864794,-0.43701629698264044,-1.4062568057163225,0.2015813294820341,1.171511667421948,0.19610907459038812,0.7848290925750717,-0.15158652370882178,6
-1.3930269372788031,1.0700986613309997,0.4577781392535658,0.20290895561405667,-0.7794123149500685,-0.5903347172597092,0.2873673590579576,0.10171995546881547,5
-1.2922583067469073,1.3815746926991441,1.0331215182566447,0.05061707126923177,-0.3685149110374153,0.6053952731028817,0.9352532257667018,0.3986363568899564,6
-1.9165993167058148,0.8907298736017141,-1.4725961326142538,0.6067252792314153,1.1811249045004653,-0.36832568763911594,1.4105389578520744,-0.602041288754452,5
4.623988800944117,-1.483570222155258,-0.49357330126037613,-0.2692343024228658,-1.0840725232763448,0.1888324506539428,0.4345949664281423,0.8135704283979796,8
-2.1723960005323417,-0.9794105376012193,4.387397375100751,-1.0556269207053626,0.8792427661525785,1.346269393049301,-0.6390143609772888,0.0681305979455649,6
-0.5235273778321208,1.4937674770322635,0.19766532970160428,-0.47081642819604075,-1.1871148849983606,0.7595616413325956,-0.1991636888742432,-0.28354201509594357,5
1.2629948900106682,-1.6585256505953492,0.25121975339132013,-0.6642239229498671,0.28445823959599204,0.6535299062742542,0.10167845479105538,-0.26201096541578023,7
-1.214520327072715,-1.3906558598486394,-0.3874679209482886,0.01651230432889276,-0.6052679765991201,0.045363442667395296,-1.8838080420661487,0.0538983339852268,5
-0.18610638466662643,1.3709148687557697,0.17995647540832202,-0.24241385974598104,-1.2330327627827153,-0.7053089555572846,-0.47120070499220246,-0.5726738061638038,5
-1.2715852812735904,0.436455138884297,-1.0156040269099385,-0.19916591219051352,-0.26260382575898267,0.4098430958419164,-0.12957358831568933,-0.24798342687876113,5
0.17037695170925587,3.7329211867470082,0.6777530910217296,-2.2455244105135037,1.1660282597130138,0.13483547537598883,-1.206184199264714,0.3811422259829173,5
1.0723800305892197,0.9947219451590084,-0.7926773872313787,-0.03858705825978347,0.3381005626787436,-0.23135120090627215,0.09576275741154189,0.06594179377143328,5
4.162142091705048,-0.9838132650788689,0.8182633210900145,-1.336815600560223,-0.5678125968493034,0.714839834769534,0.4932958010561035,-0.7485247221725251,7
-1.3296661402329446,0.6038958960020822,-1.2773015432277581,0.10401561876868856,-0.7785389579348558,0.8567812030663364,0.9500394146915219,0.33949036306170605,5
0.24436863185498037,0.45395106401528407,-0.32075850569077385,0.3756600006336187,-0.6621520949304269,-0.1355181290303772,0.05447592031961117,0.3290895148584786,6
-0.7949069324880483,0.25085939238804633,0.959325701770376,-0.35800623678657556,-0.8247063618806931,-0.756058483660924,-0.7790148965318935,-0.4182257293909213,5
0.48617209614140894,2.1737318276534086,2.0562662102030407,-1.204138185855907,0.7732613584052811,-0.4377606943063066,-0.5948342752113991,0.16253912656703434,5
0.5123327579256463,-0.05969796637689552,1.9765585175688778,-0.1291518883283983,-0.17513534483875026,-1.8944559109242314,-0.3385025060997121,-0.7065917060317425,6
-1.2858676655576933,-0.3659216113027897,-1.0968451123127063,0.2730199419053677,-0.30572349802550636,-0.3306756571556171,-0.759186463980512,0.8294383355597104,6
3.2699566389004984,0.10379448765461416,0.6472973888527057,-0.8298997774537986,-0.3323895005979035,-0.8972228922285689,0.5259725132851777,-0.22757069837925817,6
2.781848956173035,-1.5552158544966568,-0.1204426809702694,-0.601978957403736,0.6266581543456454,-0.6898070206345073,0.19769554876431664,-0.6405856922378209,7
-2.4947798080863963,-1.6797088133137046,1.6352291782657804,-0.1833864933205871,0.8950014521234456,-0.5525014137974347,-0.1539810004689628,-0.13040207475898016,6
1.185217306573897,-2.4045948904799506,0.7231704722052934,-0.33793306554437064,1.7238350236517908,1.63046254080547,-0.7684245700274416,-0.5796060489269375,6
4.21419883135158,1.3674724995104577,0.8231446517633909,7.041202454132423,1.3645624229922617,1.8820812898414956,-1.24872770740611,-1.4400339477003152,5
-2.489464991773776,-0.603343821279385,0.4515683869972777,-0.09884570433412036,1.479835016798733,0.567476834202445,1.0529136317647174,-0.5708900736550049,6
-0.7808625011822464,0.26028635537008815,1.8769753865483167,0.566506470381324,0.13870105422021256,-0.01378878626153678,1.819338564784924,0.1330793086617362,6
-1.4356102637066563,0.045059634985704256,0.9573159549787221,1.0154541545023572,0.7821853438815245,0.01946744576801301,-0.03872355071403629,-0.4021889554374995,7
-0.8813851909993188,-0.2665575735714263,-1.4437536805492164,0.79315711961369,-0.10426871030362277,0.19973589907496628,-0.34402366372433796,0.40336853002158224,5
0.6033447214360584,-0.15521670264324958,-1.4120889693474878,0.21956545145185266,-0.06322014054607922,-0.1877684289476778,-0.5022231512756711,0.16950005123765224,6
0.24097219701450293,0.14948423156011417,-0.515547441257915,-0.13573813857757688,-0.2189022686130513,0.4183786379155907,0.17919552383390908,-0.6305377674785909,4
0.18883926344112123,-1.1091964914515646,0.09068640013087477,-0.43115588043678066,0.48429787792470347,-0.024164073653244265,0.18940619655198432,0.1798574984856461,7
3.4730686169101626,-1.1067379879640884,-1.1168695155630903,-1.1139397410288714,0.16995798992188402,0.31749484344481166,1.083875529246983,-0.26980899118891905,6
3.029986704269925,0.6934362041215177,-0.3977842799394467,-1.7541374896512316,-0.3401569501650902,0.7290429831737515,-0.13544424267786628,0.3055576285109874,4
-0.7371561650637791,1.8374835863725925,-0.9263140569779663,-0.04750181093922764,1.3072718772532599,-0.9165325704642497,0.5435433282815982,-0.003466440027689091,6
-0.5563703407806359,0.9906320573001013,0.47584415135391167,-0.5588128193439278,-1.1538623432441715,-0.8521694259296038,-1.2778233155023901,-0.9028959325170982,5
-1.4008546173305718,-0.025788856926942095,-2.4403396717021515,-0.01353890968239904,0.6292657037228578,-0.8734020058950559,-0.24816880312910414,0.03500711259373676,5
-1.4384239557164633,-0.6308421829980423,-1.4161021216869973,0.653256278007378,0.28678210171011526,-1.3163625966699275,-0.10128597313320896,0.5954613106607185,5
0.163347959165092,0.009220396027273533,3.2833744077833966,-0.24359740842014116,-1.0349780920621239,0.4192934404639025,0.7027215346792655,0.2502327687473436,6
-2.9517813533788275,-0.39347741002851155,2.3700214255493415,-0.5521522443262811,0.48162413463160236,0.1749232107964369,0.43563456611057555,-0.32800115103969674,5
-0.2256903824326594,0.5197524537763899,-1.0342428652417435,-0.20216869282197453,-0.8667369244657457,0.16109874519993872,-0.5096567462233084,0.11811913908016719,5
0.8810844514629715,0.22266291995370494,0.9905690340708049,-0.3547512171090728,-0.5623412575671343,-0.45884379676549714,-1.1591420227740845,-0.5063046451609338,6
-1.6865007692687835,0.4562571565596562,0.2575580735117428,-0.02875071744948018,0.026168038966903284,0.08148337166345755,0.03184060997098052,-0.012122743127537557,6
0.6218013263338159,-0.23625123712834994,2.1617269996301083,-0.4041616771110473,-0.03373533665662345,0.07592571477244843,0.7270908086852323,-0.5131355483873826,6
-1.5120179199116115,-0.052483780611486223,-1.502409833024082,0.4850788447428036,0.12206641402759699,-1.2588393141134637,-0.0482753014761085,0.508537691839802,5
-1.841785916919906,-1.1504281947698525,0.6109809687215326,-0.052257459556968915,0.5054269434985328,0.43355885055572363,0.021293470017708902,0.30622167651847604,7
-0.3065633344657602,-1.1358698381778254,-0.5841519151660355,-0.07035528622031272,-0.24122924172581228,0.1541499833181283,-0.46307543676322144,0.0029271703685279276,6
2.985379735495227,-0.44276460423653063,0.10144259068459831,0.23368007578110891,-1.3295947555534406,0.43458801253252805,0.498317471959706,0.07901326171552282,7
-1.318656579542938,-0.10000092676442515,-1.431888286123661,0.8966201310750626,0.15395471096809518,0.09977755670333534,-0.1618717713353959,0.47451488072458364,5
0.7495615802479084,1.3708712543254955,-0.22614996115295313,-0.3566006424984063,-0.39140395394833205,0.5226331780012308,0.7602063723314669,-0.5141537062643023,5
-3.0680267760247264,-1.1486270585952574,1.48731158862632,-0.44785008786089386,-0.46046904988281295,0.8691133107745845,-0.22425890824554592,-0.07924798774001876,6
1.332821407326858,-0.3811847871374414,1.6180895415645526,-0.5267549702345347,-0.13961504853910184,1.0293861491363254,1.451490897904055,0.25201421735535734,7
0.33334909527224016,0.9439469112685913,3.4116701968002148,-0.2579622776176938,-0.9827704810687008,-1.4873763967040763,0.5877142698701455,-0.7100624229668983,7
-0.42541079505250756,-0.22974820117660952,-1.024314049823998,0.4902681451860128,-1.2940336291286925,0.8306241542897596,-0.27446158195139436,1.4986478385811528,5
0.41650740708572553,-0.2418037477153963,-2.2958661968862697,-0.09687465236880362,0.0688439469968316,-0.43146253776256815,-0.5832410150556778,-0.665687545895424,5
-2.3693893913126765,-1.8566814466491401,0.15747012909623032,0.06709445553225732,0.45559615841044476,-0.4455556613525252,-0.6246441457612141,-0.6682762564209477,5
-1.2735190171280009,1.1039411746333483,-0.7397486715150302,-0.21165705553459233,-1.0245874955167926,-0.13977417652497012,0.08707544649337834,-0.2977383117036965,5
1.7938208666121986,0.04057821448319609,0.05003576847685076,-0.5540706831941463,-0.6279951234951655,-1.1028165959885325,-0.2130930152450825,-0.6093112396787795,6
2.751814503427914,-2.0645507618692607,0.8857525729828553,0.8489582050064993,0.058847885645287125,-1.2678459473112238,1.030638010148764,0.8636009668282401,6
-1.8056797030071459,0.08508687435947217,-0.5972605605646325,-1.679725137491013,4.233553446147779,0.8791608786377441,-0.5910209987012179,0.6601252058305627,5
0.5522256899787331,-0.7719409284590256,3.3703985317425627,0.14914900978075377,-0.14383320466685687,-0.5462602306244231,1.2690838124665205,0.7720949114397838,7
0.3809238155172663,2.5294119234948034,-0.12854412534131743,-0.6637555508975396,-0.922238960130261,0.636954937219184,0.18551999550404397,0.05486210028697142,5
1.4882585682429657,-1.0656917519958846,-0.6989512321116973,-1.0014110891017016,-0.445651250666664,0.014193400558191727,0.18884821003757563,-0.442960242613646,6
0.4127789618261736,2.404398783530292,-0.24765235522468343,1.0618550685209915,-0.48479407049157924,1.0126999978535929,0.9097878021123217,-0.30180585164917534,5
-1.059029007605052,0.2830610456856617,-1.351331670456858,0.9406629357039293,1.3913249944493502,-2.2186938097707176,0.694298879129215,-0.41089150660582574,5
2.1467047560321695,-1.9233855416279184,-0.249146506941382,-0.7349561952321231,-0.07602464207048668,0.28021591765112824,-0.07264047101062027,0.10754561276041728,8
-1.1552839358310911,-0.33836672641775467,-1.2836357503773586,0.17004091088838066,-0.018452727049369975,-0.0104026384168756,-0.3187030543433736,0.21341449931508005,5
1.2806964259499882,-2.6421567700083313,0.8622826277544428,-1.2372561835545632,-0.2575718049385074,1.184446704780134,-0.39088762962435736,-0.2732328434897285,6
0.12403043816529769,-2.197477907173853,1.1909929865785855,-0.06476918052687013,0.5019685070403576,-1.1067709336423128,0.30569620414018156,0.0107178151173293,6
1.9021777788285654,-0.12537077673643943,0.7187829676501827,4.1280521054968515,0.9256422785071614,-2.49505789103773,2.4645032314897586,2.1963884288311735,5
2.0667325891030224,-1.88666330319793,0.9218824726255139,-0.5306411483715364,0.7317643550727748,0.8872170896410284,0.9715734771580694,-0.08704328475256988,7
-1.1033514976531478,0.19634131750982373,-1.4183329939967009,0.4829901626072189,-0.4630102603044986,1.0293534400664435,-0.1714752124296265,0.35800022901979695,5
0.36465350441816513,-1.2494409369703419,0.6733960054918223,0.10522936680671997,-0.09277521181914702,0.25463969900754935,0.6455220244129652,1.154092415196955,5
2.3706363635765637,-1.2584146232126459,-0.9945427242152126,-1.0365866188582842,0.08585855557575377,0.24795721538840226,-0.6201695272291862,-0.3277361031732697,5
-0.8144660228765244,0.4467412074197196,0.7550385787060634,-0.276992069294754,-0.6881323586915494,-0.23170087304767314,-1.1520481707344232,-0.2326264384567778,6
-1.2182682465579633,-0.44152602944365865,-0.3290754387429626,0.08798217753629228,0.41969976817917604,0.1586133789313108,0.006430229398229133,0.6099021374152516,6
0.09829120604529444,-0.9422996043478049,1.9870628472193366,-0.845854375718105,-0.3592534069847207,-0.9081317083807403,0.23341549206415074,-0.45115411585215365,6
-1.6393153562212328,-0.7640961141217567,-0.8654130224993537,0.569192894376497,0.3284228103470162,0.22608136732261921,-0.03316141538307684,0.7390196001887833,6
3.164415181112852,-0.9587232656007055,-0.6647953683781882,-0.3730557519586688,0.02215833658192085,-1.052011980656031,-0.211219131371018,1.1210797016256542,6
0.6469484710180696,-1.021596837181165,0.9488926006179084,0.3166557183581829,0.014126003162152241,-0.36247913666445797,0.060348907178369174,0.6682193143917007,6
-1.139648018464619,0.12385371399127958,-0.1807430816879555,0.03495023728604294,-0.12400377792651289,-0.31236475856009327,-0.3109908887104992,-0.013731164537894261,5
-3.5633766565152354,-1.4621463750105559,3.863800309272783,0.10019390993702695,0.6743584943419607,-0.2740141197088132,0.6439926661363926,-0.04200972314242882,6
-2.828972081543428,0.21764648855514074,0.4415827146251265,-0.402631153917602,-0.05586852307158876,0.7558715703199989,-0.4286565244250321,-0.14340460595042576,5
-0.7744843011348118,-0.2941103992093435,-0.5052844361671568,-0.1730387963440858,-0.7241754774362265,-0.41690422744314803,-0.7850196382760108,0.15643839623473813,6
-0.6028597527571297,0.5265252404176306,-1.8062965754343299,-0.4711552206049565,0.9599995580433766,-0.3833605573076506,-1.2327214977344314,0.6432155253406336,4
1.2253139634340156,0.19371777730034775,-0.9952545085566367,-0.6289376628297105,-0.2597676022617355,-0.911180369896568,0.24317151948138,-0.8909292321861344,5
-2.391394987548414,0.02129286135900956,-0.8552909457684174,-0.04826680864047998,1.0735099257364065,-0.018498169994078044,0.9539628102544802,-0.23221143456651266,6
-1.1168683327135713,0.6195062724412784,-1.4166290124119472,0.6972733348805824,-0.2895679488651065,-0.3855929723743125,-0.39039982557038766,0.293314516676161,6
-1.6408691178796744,-0.8032623186462882,-2.1542332439197893,-0.4523590714236235,-0.4238970059420615,-0.3355356896854392,-0.07179773185393172,0.38961100265428356,5
-1.6373226111004715,0.8601225062902752,-1.0436816267639168,0.6177468496563918,0.06523707836665704,-0.8966518163208607,0.21931575876303458,0.3524322257349283,5
0.6033447214360584,-0.15521670264324958,-1.4120889693474878,0.21956545145185266,-0.06322014054607922,-0.1877684289476778,-0.5022231512756711,0.16950005123765224,6
2.652616773651866,-0.4787758304109828,-0.6047099240892935,2.671762510254085,1.8302340736754248,0.3566142864994591,-0.7631907334109808,-1.7577801638388464,6
-1.3539287166071456,-0.011512782397892838,-1.5143315819722931,-0.1119346217333363,2.274149199668176,0.6114794703529601,0.12460988832806684,0.37408876848803063,4
-1.1620426898300256,0.16992038701176831,-2.311238966676147,0.77009638149847,0.13863449800572866,1.2827785962716853,0.562647451704395,0.7896987114624918,5
-1.0559627326200833,0.543606403339508,-2.323242208822545,0.7703305123605387,0.26914349613754646,1.3409925306250206,0.251652659454731,-0.00356577645906159,5
-1.7601997538430303,-0.15006179462865288,-0.8539707589523884,0.08410128281133357,0.12706437523285163,-0.4465142777388688,-1.1483587690081216,-0.1969894651937211,5
-2.1821248729867055,-0.8701350175296437,0.5517191694341118,0.14437062409493517,-0.11434286449591433,0.18372323747796188,-0.5948814360880241,-0.0984345644201489,6
-0.8261795048771055,0.1309944994220735,0.6688972926165716,-0.5142449869119491,-0.8819566241392993,-0.6625808802939459,-0.8749652458396135,-0.40682862450676577,4
3.207550200739272,-0.6733837643330419,-1.1341082929328397,-0.39314158436836927,0.4005575953826726,-0.032523942386683255,1.3881250711544064,-0.10233256307661955,6
2.291085655535019,-0.43609546448168773,-1.879694642435362,-0.8027691245642902,-0.4637510310290939,-0.1908533516836437,0.06362030096686971,0.1265621618092541,6
0.003509685586927139,-0.3368068303352615,1.6069092529556652,0.3961722397381077,1.4326389254337628,-1.0859472566620396,1.4415704858725944,-0.05234659738788858,6
-2.0115779703168055,0.7699343842060425,1.0211465190901952,-0.371062893900846,-0.08967657607229937,0.3613633294368974,0.060164992899439,-0.02605229287552601,6
-3.298312742298772,-0.6288164247489673,0.23193749322371268,0.5265766920794099,0.928489397713999,0.15097724746200325,0.15184794902181525,-1.016151972260309,6
1.6066162488545257,2.5859237397718844,2.361231372193923,-4.0710098358131095,4.721136162890403,0.3763688524386034,-4.181216791600542,1.236509362799526,6
2.593368217903665,-2.5147255170209992,0.219674681170633,-0.035546263896931864,-0.466998367253168,0.3437017409145502,0.3961988907072113,1.2050505816285917,7
1.5243292433776534,-1.1361891976063616,-0.3586533332759085,-0.7615620375005691,0.009276531040070137,-0.14068987826994103,0.23081845646182148,-0.14675971509751834,6
0.6262583186554581,6.313081610087468,4.366911177446391,-4.258252681990916,3.1430991687412044,0.18657112051536387,-3.0318516266438347,1.7128392610448016,6
-2.309949359147898,-0.7269028796215677,-1.429473179279485,0.3384405664030305,1.163205953446952,0.03938595102753295,1.1869593122964117,-0.04718502600016103,4
2.923018948803993,1.2832351672635731,-0.35464230246004863,-1.1955864527112845,-1.2620121323064484,0.2641321877481627,-0.42057879609343635,-0.8108913685429474,5
2.5272331309084963,0.6544004921417427,0.6894830228033697,1.1106424985005277,-0.056612410717359125,0.7159650529429564,0.26627301674777387,-1.0422634710365801,6
0.8920890788731318,0.3484359986436983,-0.30014805739238687,-0.832797609395253,-0.9179002711564428,-0.36138026052700517,-1.2910412871173917,-0.46330097938093984,5
-1.7026693231567427,-1.1784107576016116,1.332098192022008,-0.9354811137438522,1.1763889991538552,-0.10073095550525127,-0.7311039845467711,-0.709735791430145,6
0.709386693827562,0.15484086929603283,-0.7721818559368053,-0.6900609171947355,-0.9380663387769844,-0.5390870294980071,-1.4871611017611681,-0.2659557732225121,6
0.2822533338029708,1.5725929517841717,-0.5454245270680834,0.04666281713966461,0.09697190198711246,-0.7109395855658618,-0.17902232000867385,-0.8071624337004822,5
-4.059152520381804,-1.3943511354451241,1.827360988713541,-0.46760630830649363,1.2877674027425239,-0.5556784225614809,-0.029230902842805898,-1.3966901951505237,4
-1.0351629010549104,-0.5067135992951229,-0.8424241195786868,0.08205394951063617,-0.4879957854860177,-0.10988948314868063,-0.1762978868720773,0.49977610450181764,5
-0.6383565777485268,0.7927398594184711,1.4525588633778947,-0.49874149497708603,-0.917832582971247,-0.8414494691797866,-0.6252636523498905,-0.25574025669305156,5
0.530960415912908,1.7985481726059473,2.014477476837009,-3.5627572599647084,4.523989997304081,0.8426557633066649,-3.0709098599102767,2.8644739190322417,4
-1.6014339723739066,-0.02333623276859837,0.26146473743489523,-0.3376040420612981,0.11256803588332266,0.2580922729229027,0.5761565392433569,-0.30129780968565373,6
-3.2330262840066353,-0.9545267470124337,3.945024691397728,0.22357270632721585,0.23676602310643205,0.8639586722230103,1.2207526787126215,0.6261403683320296,8
0.0875981687546881,1.4401538184793474,-0.04914576697913838,-0.2188113970022491,-1.1178329988898579,0.43224458065861127,-0.12750708604466116,0.3530372433798508,6
-1.323602182696344,-0.059446374025806846,-0.829967392973196,0.1879942314786296,-0.7639746986999689,-0.18471689817214226,-0.9173303432288604,0.44835923823012935,5
-1.602564065937696,-0.6846035559955588,-0.3384586722931018,0.45593091668272084,0.7590581079362426,-0.12359204168954467,0.8007015338584073,0.6125353459655818,6
2.8225252042164715,-0.4011052421071683,-1.6382294018645007,1.7478505275707696,0.6848048092435005,0.26819236328441887,-1.3477441546130724,-1.2079186457377604,6
1.1847165007396567,0.5961910202839954,-0.9267142824047,-0.675532878833365,-0.605849169566676,0.2652822688414711,0.4194808048219824,-0.14514815326376995,6
-1.156799907575027,0.6355740972949657,-1.3157440049737985,0.6616940869909567,-0.2312349911868177,-0.2815683204245482,-0.27770221754076035,0.23370038490950026,6
-0.8879085161587874,0.3248661430112917,0.0696419536356995,1.155929634550689,-0.5796973803678374,-0.8370257744678012,0.06794838927920004,0.8101552077433372,5
1.1476921892099696,2.0953848285680046,1.1418366882985564,1.8230335790900793,-1.1582853154874222,-0.7912886476399555,1.9006798580374973,1.580750190841965,4
1.1152833261645807,-0.8112543091988451,0.04808702433163043,-0.26976583455762704,0.3917766692642662,-1.190751787587715,-0.2504087723467294,-1.7603362952531973,5
-0.36557835704684405,-0.6835307781891339,-0.9969030639066819,1.1273190770554051,-0.08458014721489134,-1.1976410241525404,0.36045542847796985,1.0249914626280296,6
-0.5208771424344758,1.0820345150844919,0.626757277968502,-0.33107169260414193,0.7572951074939593,0.005260662409694262,-0.007047794591307732,0.4757819078122368,6
-2.0843798358823222,-0.7649266102828249,1.7631755382160557,-0.48096028932508084,0.38804962494592204,0.6875525191408488,0.4852140366304769,0.152309048963533,6
-1.4384239557164633,-0.6308421829980423,-1.4161021216869973,0.653256278007378,0.28678210171011526,-1.3163625966699275,-0.10128597313320896,0.5954613106607185,5
-1.5742112983619538,2.0432263023547703,1.1537850207909657,-0.3377490207593577,-1.0839622639301059,0.6090370206077128,-0.21123826284052905,-0.832095006507194,5
2.9455072988586406,-0.9578804068967118,-1.14767267964166,0.27735462129851096,-0.3994556509569913,-0.6635526609587409,0.19178815799128734,0.7214989984956276,5
-2.706682062937802,0.04320789997515884,-3.0500367843718386,0.33311799029130823,1.474315289272444,1.5028931313982494,2.207650112309218,-0.9286639519666918,5
-1.9441024424028772,-0.37045595682881005,-0.6650784744042282,0.6532203638865467,1.1236671049133138,-1.733882045510698,0.5347088664736239,-0.49900451227354115,5
-1.1777154101778242,-1.3071213657719734,-0.26296988799678284,0.01800387697909981,-0.6666887652310671,0.027661358461347943,-1.9438036293475625,0.02831141294579614,5
-0.6563719249939033,2.176898062124762,0.4244147785703557,-0.5754974666301341,-1.2792765135750281,0.5622198200498869,-0.006571599845376155,-0.5428230416412927,5
0.2382493174012887,0.8780142209506898,-1.7816203162400983,-0.3593103719468437,0.2740050028975129,-0.04080132261759017,0.087043189688,-0.00398162082347495,6
1.119784820192313,2.5473736881893587,0.9101538057657798,0.4292637449500696,-1.6820642233066607,1.233107400961423,0.01461847846442098,-0.7539155711609881,5
-2.076175930369448,1.6709963322970314,-0.1718532991170838,0.15580587661546683,0.15963613765127568,-1.2220779257129615,1.128902755552433,-0.7428926467353087,5
0.4722569409834217,2.5271457135797495,-0.13507971491510698,-0.5765489076349278,-1.2484679514443155,0.6622432823161906,0.4784157845948906,-0.34953221594481043,5
-0.23074510585952354,1.7853608694789498,0.3694109488078822,-0.41882797777041003,-1.7479108242500283,0.40407012456505303,-0.22129008729504393,-0.2063084245097483,5
4.486511728783279,1.6683806092945064,0.5531710540141304,7.277694160668146,1.5382139816819862,1.1232660133766674,-1.6848043528935102,-1.1971900925143246,5
-1.3788317745705285,-0.9672426019162522,0.497093108344791,0.6138349101879911,-0.6709551796695902,-1.1185425465550316,-0.7105673113511098,0.6810292982926894,7
-0.574741360637848,1.1427347426748344,0.09407545086253127,-0.2850830226182263,-1.1294441195988025,0.5062397848447364,-0.13865561430242587,-0.17431667935355574,5
0.34452359275848854,-0.2710292432835805,-1.8909330818921501,-0.31264481667637534,0.23999904337233618,0.5778193249889553,1.0452673745404202,-0.3127402760512239,6
-1.2368525115955713,0.19087845700041478,1.167629158960948,0.3827668240209672,0.2421069546905227,-0.539880173561571,0.2459733307315579,0.19142721630256124,6
2.5176384058608865,-0.42299858263115236,-0.41862869123653496,-0.7440717319828148,0.06680983783624017,0.7318600023710239,0.9068728629642255,-0.8023912911554923,6
-0.45969198440258785,0.3626879402330726,2.747416696974319,-0.4875218649658847,-2.193747157501881,2.3212273788358098,-0.9022583748044853,0.27552999923994004,6
-1.399166930517237,-3.0724832515108225,1.1066404120044597,-0.23924784692300408,0.28310543285251416,0.9470669412113634,-0.6609247973478364,0.0023798896201955152,7
-0.547728846876208,-1.3999818896531042,-1.2777047258797427,0.3107815896376062,-0.7862492948601982,0.7941424006283656,-0.5373043541907279,0.9318363035277958,6
0.0599350256877368,-0.7128103646808921,-1.3105390572562974,0.14293339510377392,-0.4499952587115009,-0.8237116328849607,-0.7008960816288549,0.6159770552771685,6
-0.026655970962182647,-0.931052782188299,-1.709288318931796,-0.12294425054343329,-0.029371935036541737,0.0684261600877064,0.6995311697737854,1.0732193236197856,6
2.8158445980277658,-2.5237005390639746,1.0467942102969896,-0.9527921146322177,-0.24002579343155253,1.9109713431154858,0.5692548356656508,-0.23379614223120382,6
0.25156419238234473,0.8007327758782472,-1.892286509661082,0.9483684220820987,0.980640014377649,-0.9046269269112843,1.4079384140914883,0.5536674658517385,6
0.18404734101148357,0.8902125221440912,-0.10054618922241526,0.4526718744876087,-0.31107971571528814,-1.2914377916362927,0.023172223459703965,-0.27255512901094087,5
-1.2302616440642578,0.7883014861987889,-1.5055332360744416,0.2817352885374586,0.19753567747589706,-0.5178252519656177,0.2999961632058085,0.11156672770647534,5
-1.186987732088046,-0.655538989805172,-0.8711187570094961,0.339133337408447,-0.014476843496914122,0.3158986402996099,-0.1391014946931852,0.33830056768245453,7
-0.541255669432155,-0.3577744982577441,-0.3195727337664366,0.24076264319739388,-0.536168222288803,-0.10743666549335482,-0.01050209002409805,1.139203864797973,6
-1.6345683634528947,-0.47771089504201886,-2.069714406747741,-0.08586023552329432,-0.34052744672973423,0.3931443389335022,-0.7890590810806131,0.14933133843111995,5
2.750486919755499,0.5667873646984332,-0.5085653347067446,2.497192495366104,0.9108143803067932,0.8047543458114801,2.688378530513175,1.6380637322527138,5
-2.5242629474908975,0.6395329913076134,-2.353103622012323,0.03767405661287548,2.8456462527665196,0.7625187153680894,1.0863171097446398,-0.5838828742644575,3
-2.685864398373283,-1.4205750033936706,-0.33034970453542056,0.11863572497809725,1.047789200206151,-0.24384427256797936,-0.37436326650796614,-0.26090347180285783,6
-3.3809075485100144,-0.52333413758132,1.7768836204741136,0.7311891079085996,0.6264246673021211,0.8472464556771977,2.09035579443206,0.3730884561037557,8
1.6989530723260753,-2.6938487500874997,0.41238826181395905,-0.05232324059227937,-0.18527894817718663,0.4397762303905253,-0.06862416168899949,0.3524027772638924,6
4.659157387861821,0.9109467058931662,1.144902870135072,7.911656125208956,1.4965815285636959,0.731729232929086,-1.169878550935872,-0.9258281158578179,5
-1.2193100885283141,0.26766036624202033,-0.9845997245888505,0.269056399457676,0.20156824802362217,-0.9930641134817271,0.2913534410748712,0.06916950755580505,5
0.6163118999364706,0.0897474005337778,-0.10728628248617786,1.8076536507096115,-0.2185848668119127,-0.4238627778497744,0.5348036921484709,1.270184864792253,5
-0.1334022804437551,0.8404802904799952,-1.3756967570946692,-0.18217096589486065,0.11808499211031163,0.01315349464255373,-0.14027265635023964,0.19057317592379752,5
-0.8682366390567217,-0.3570298311909512,-0.6183592652515433,0.00790642265071983,-0.5405169058170435,-0.2350400009935116,-0.7010147196370325,0.03222350916103138,5
3.523342010578089,0.30236256582180854,0.6116813167999295,-0.6007352187314106,-0.5709150148600414,-0.37994237074761544,1.052602379909511,-0.34959351934116606,6
0.4335124980631239,1.6902188963298277,0.4255492152818324,-0.2402054691521484,-1.7987094096933671,0.634676047096232,-0.4516791453052973,0.14670907412451276,5
-1.6393153562212328,-0.7640961141217567,-0.8654130224993537,0.569192894376497,0.3284228103470162,0.22608136732261921,-0.03316141538307684,0.7390196001887833,6
-1.2457990904224776,-0.030787941743468817,-0.46778664179531665,0.753272660676278,0.8530192568351709,-1.6412045041645211,-0.8377195167878709,-0.8390009786692778,5
-0.11124188220064744,1.852634732013665,-1.7147906427640092,-0.504971558759988,0.42605184395654844,0.10350825663263799,1.180044395645968,-1.2341627217324345,5
1.2534614265591577,-0.49081630768938483,-0.2673330637357636,2.4614581724647793,0.35134447335610725,-0.939188956074299,-0.44549235426479084,0.3523136458569468,6
-3.4087649505835285,-2.261855350159539,0.4750395633825261,-0.02739794553703369,0.6789857167148778,1.456384905929209,0.4727785300973263,0.2393423344380599,6
-0.44048611496642476,-0.18283815246686383,-1.789763369285597,0.40701840856867566,0.1049634861762071,-0.41486394069807186,-0.09226035839531513,0.8154117745165924,5
-2.297547191010593,-1.3134402931608338,-0.43385726505164335,0.5644278030907004,1.4092300594345155,-0.5087824458409229,-0.07170008102158491,-0.4046618283445778,4
-1.2084985788560758,-0.45808894084503604,-1.8571953277698665,1.1951127902944905,0.4969739904611224,0.06652954149448038,-0.31910110235114625,0.37955591550097406,6
-0.490583180179944,1.6099603102431999,0.15925399585333277,-0.3511190932602553,-2.0057970220575716,1.3326359440708413,-0.8022266104906514,0.13818835070338667,5
0.08910391635176118,-0.2416165003908882,-0.4842101559134074,0.21746334413709514,-0.24288438546315713,1.4053085329500836,0.20959944407575679,0.3349350142738865,5
-0.4825596487439233,-0.24411089632231786,-2.0473739984546087,-0.7140346878221618,2.038803759627279,0.46244558040267236,1.0077380086161667,-0.7703665182622486,5
-0.5215503449639761,-0.6553390581029934,-0.45247913243691057,1.3993653412786609,0.7480325476673892,-0.6179733737304856,1.5962949481094502,1.2008186110503989,6
-1.1838576028963923,-1.0484150632674705,-1.1617330943524602,0.37390076271142936,-0.4642067726177422,-0.8855120042699516,-1.1477086498910447,0.32949734822368193,5
-0.36305576454424354,0.08892673433295546,-1.1279856794844023,-0.04857116684738898,-0.36991651694704203,0.09798731656599335,-0.5613932137113312,-0.23804641579804223,5
1.2171127474641021,0.8030096740202759,-0.036444307626686046,-0.7473278082032998,-0.5612551273852193,-0.47100279438258436,-0.40133288136901696,-0.9600661465825591,5
0.5570993940519899,-0.6126299508949586,1.7995565390725206,0.1314913277901526,-0.15740271491522864,-0.7056907159819866,0.34404950543079704,0.3036680115286295,6
-0.7030792854536545,0.6006062141648452,2.852320973198045,-0.08888859853962987,-0.005118032489490536,1.5216439813305942,1.3934559507443842,0.12160951829776044,6
0.3452026276834078,0.8953755847672051,-0.46330018834050457,-0.29651431070688394,-0.9913471890946722,-0.02574718033848521,-0.4304021155432703,-0.043217273328440386,5
-1.628624434356157,-0.1218236158834661,-0.004087861371150532,0.8446268323434609,1.1444255064798374,0.46479399924797893,-0.12142658121631353,-0.08934433062229544,6
2.1179180091485033,-2.014387827973924,-0.346295068762557,-0.5429076732774882,-1.040617411648173,-0.7070158414718559,-0.46644615667961675,-0.14629075963854685,6
0.2544677670094485,0.533676021602353,-1.7846253776192968,-0.27491714225405883,-0.45042086809410015,0.9458582869118335,0.37916605659380287,0.14006314901764488,5
-1.737817288828234,-0.26850515166386624,1.1438049478211523,-0.03233675743912201,-0.7489039477518992,0.3754893533720735,-0.06000528829755115,0.2561264189300101,6
0.7761587764754964,0.19657133915871167,0.7353939791073775,-0.7552508571008556,-1.5277941548032297,-0.915654510267865,-1.2038769457964806,-1.0518029354140566,6
1.7220458367862668,-0.25056085893230134,0.03078853833353917,-0.17676389168919382,0.08116034084520905,-0.02781549201733143,0.5334312834137561,-0.338863886038996,5
-1.506074529179972,2.610321740661445,1.012926216503355,-0.3941827326313221,-0.2673232822389455,0.7241173332458447,1.3007615555915377,-0.31519333884284556,5
-1.8211484485183156,-1.734446086588354,1.2638687526393215,-0.3760610184691783,0.8329152462019611,1.2933303703512713,-0.1866498185808401,0.6599117210650849,6
-0.9282350835711762,0.752146258566722,0.8944013377007476,0.4212466373235988,-0.3192409137162342,0.5975754406984802,0.4594121199959966,0.2773054185946652,5
-1.3583910608924201,1.3885998830017685,-1.4880809623487257,0.2817215888024672,-0.42015507204897373,0.43065405903892007,0.6991812132854004,-0.004738260184481786,5
0.42850967327681305,-1.1395105669841679,-0.25327287100133355,0.6036930033020415,0.3184184254625888,0.07916311982463581,-0.83107970507871,-0.4777936771225978,5
2.2441835339684126,-2.105397726463816,-1.1665577246073686,-0.33728155670811916,-0.7324186617104468,0.5106681107171938,0.46012467105850646,-0.13482632320964408,5
-0.627718158667717,-0.12630531519535873,-0.6599785590360837,0.35697988884374404,0.254709173338353,-1.7094043466912587,0.05188141741821144,-0.06662267808422981,6
-0.30476106808953585,-2.358792597363238,0.1696847334246672,-0.3509655955978994,-0.36859089961070984,0.49714759060591424,-0.9079744737424449,0.24632516120294776,7
0.8135769245782293,-1.4504213786461018,0.2896218287824213,0.09400718244702783,-0.6637985282969078,-1.2145119808117661,-0.05412235812243393,-0.07189919322803842,6
0.6395613012102653,1.6614927827724337,-0.6092207919438166,-0.3372595602502353,-0.30815357481812194,0.03348515984268994,0.2321108394188277,-0.449221698756884,5
1.7695947335559459,-0.08737143160136991,-0.45233567537305314,-0.33788004320580406,-0.3073153650685091,-0.10373235265624191,-0.1324601592783832,-0.17571913189835373,7
-1.451113251549377,0.12674872736706802,-0.5043495550721967,0.20674940651204393,0.30989806850945095,-1.5205605987207451,-0.14308304708887135,-0.5925854511328738,5
0.25258886463009095,-0.24028016276764305,-2.055722103485256,-0.27829356164682645,-0.40668940831711275,0.7896441000881247,-0.42540395235373046,-0.4109457120173653,5
-1.3938327474316645,1.3607813010695857,0.38176487998503444,0.23914263234944008,-0.9823389978468283,0.707814080399818,-0.145377485995013,0.0017824980562513297,5
-1.149932048225007,-0.4661401858282209,-1.0184677740187984,0.627669242406353,0.6537325300706958,0.44470118364991057,0.9666509077729243,0.5127638318022771,6
2.786016485735771,-1.7359013335182867,-0.8212005750465189,-0.9012031357351951,-0.417718169935704,0.2814696108304689,0.2958559952397712,-0.24184437605286946,6
-2.5198339346651473,-0.19857747170059353,0.17529927209820012,-0.7431654956089521,0.07362228699885583,0.4113071040349743,0.26717155254645764,-0.23690440594641377,6
1.1565152360112216,0.5936269556956247,-2.4421491676927465,2.345365873620526,1.2628050210080466,0.35694438125976796,-1.1051528403460325,-1.2656005938433685,6
-0.052965489563365845,0.5102980408981062,0.09579326070731034,-0.06637074967878727,-0.6689865768780602,-0.9040539635108376,-0.44500045454497344,-0.19303210624270425,5
2.781848956173035,-1.5552158544966568,-0.1204426809702694,-0.601978957403736,0.6266581543456454,-0.6898070206345073,0.19769554876431664,-0.6405856922378209,7
-0.9454729443096552,0.2112049357515651,0.31410766500266507,-0.07583226510184927,-0.28371611705581257,-1.6907291246316363,-0.7230979399109783,-0.7607351490039248,6
0.643030043465321,0.5287025488051519,-0.025169320858995606,0.035495143340416556,-0.1545489449629622,-1.0268260368530406,-0.42545602133937266,0.230358926401704,6
0.10367602838695626,1.4219541219315774,0.5640088808758816,-0.2941658861770394,-1.424649768527614,-0.9731500328126763,-0.5362468918412675,-0.45960460035514067,5
2.428423178417903,-2.118937467761223,-0.31052269824058065,-0.31249701033432686,-0.6943535015423615,-0.4541573063781727,0.00741507682857424,0.028732515105033503,7
2.6384068793952866,-1.2925883013321047,-1.4090934066290857,-1.3200562461019407,0.4527334647329047,0.9462836180537078,1.074791675450652,-0.6113501294763004,5
-3.1116967733454266,-0.13695182586977925,2.278025441372655,-0.03599386708723196,-0.430575080532507,0.3819385125492173,0.08990183947626881,0.12720104429238144,7
0.6577163043430605,-0.07941618419481233,-1.5956932244251412,0.09290825872120066,0.4362487473437752,0.12180640523983734,0.8632178676606388,0.877688135552084,6
-2.13995241829487,-1.075447892335481,-0.5577218644048314,-0.012074583404028127,0.9386617023725574,0.2906925780644207,0.7873000672220951,0.41238827853450694,6
1.0008633437501846,1.8814566023425616,0.9302950094406787,-0.7876483424735805,-1.4458494817202747,0.2474520216993702,-0.8198460965106481,0.09316348623470956,5
5.746294108886367,-0.2614055608705487,-1.8432157753828264,-1.54388859917237,0.8087808817016736,1.2387199728414129,1.9834820018892567,-0.9972322414966599,7
1.0055814176929943,1.0063443800208607,1.0453848263823171,-0.6136274469792892,1.6694852543827459,-0.6421078921313769,-0.39609396515233525,1.1667402445571893,5
-1.3037160088727744,0.22503121954066005,-0.6753385578426712,0.515868015588786,0.15029715694820714,-1.0758434138277893,0.4224230475481663,0.19579959336913308,6
0.9078796779784403,1.3322577064499128,-0.30229008884256214,-0.9419674240105965,-0.3105757402512039,-0.857549096203044,0.44037056693264526,-1.9141336773605742,5
2.9934107626578315,-0.02967621989264845,-1.7770409885067133,-0.7996071039381852,0.005401294607883086,1.3636494995584147,1.6251223350373312,-1.037631305237562,6
-1.1431353993342517,0.5755800326286572,0.23389209483753898,-0.031063073083269287,-0.26158304780312736,0.4145245391945572,0.7832823381542182,0.2708857535441458,5
-0.02668429064963886,-1.9366732021056556,0.028311913012705636,-0.07501759409644759,0.1084426031711458,-0.9611025570789091,-0.5348554110628623,-0.9598898865757022,5
2.4219321343882134,-1.8222950271428286,0.22814764997157896,-0.25439547743195107,-0.06446956090843763,-1.372085257734336,0.7558467482412455,-0.024691669322323945,7
0.22002588709072124,-0.8057059386791083,2.017364332212066,0.18610035541868508,0.08978342988679815,-0.14780097379202184,0.20235851250151604,0.4547553254572326,6
0.13013476017420278,-0.15120728685432525,0.001820485083760268,0.23990734764501795,-1.1100702456099998,-0.7754175690521333,-0.7687576526911724,0.41394371752582265,5
0.6146685607521513,-0.6289624203293924,-0.17017126960244072,0.19156233508285347,-0.5624683303350032,-0.7272259279232376,-0.2749627740311204,0.82033691729336,7
-0.8074901810096224,0.17010812146099014,-1.6732306052262185,1.5857024115105554,1.1068853292400913,0.9629874550900952,0.47463561278302846,-0.2777927605547771,7
-1.5259806826808848,-1.1933069934861085,0.6817583166438574,-0.42849208312112436,0.00684609335182218,-0.7787061125759381,-0.25362762867663247,0.5307429079034592,6
-0.5519702135856459,1.040658777355811,0.10393454564786102,-0.16170003634100363,-1.1116588638255096,0.7606833507148738,-0.3734295641075086,0.00737128956928741,5
-1.697470402365645,-0.9030235008770509,1.3945272101552866,0.010548039386496406,0.39271437963788164,-0.2811313523419,-0.9150790574993958,-0.9128667469683108,6
-2.4418812745157843,-0.28773716236335906,-1.6035017135109646,0.27701677178929546,0.8912906687271365,-0.8712343460650424,0.4519383934574546,-0.02947447352049263,4
-0.030859186096096294,2.787393284706501,1.3139301190406727,-0.5010003320354752,-2.1270677541265237,0.6164864368577201,-0.17116159514216822,-0.25838360687316625,5
2.2420829127099067,4.3386107321866865,0.8471554806497577,0.3471046172090929,2.1526490535189238,-1.2052576632658836,1.1941093389983504,0.9946312392250353,5
-0.5147002006551129,1.1663555797831742,-0.17696285236910161,-0.11885120068357612,-1.0507287075001384,0.28551927678662037,-0.37782070921452915,0.06819702809145986,5
-0.3579039951762609,-0.5928258855599785,-0.7002906600660809,0.028502852604575416,-0.3554958073573072,-0.8178654317533256,-0.2553534170192721,0.1640477730993247,5
-1.8091487599604188,0.17173601390259946,0.03709167222572831,-0.24774160498111733,0.28496276326738695,0.33396992003595966,-0.41911268918697747,0.16425026481986785,5
-1.986090615373551,-0.20998149488287063,3.0168082946757004,-1.935099060469357,-2.073231562980293,1.6123841087509663,-1.137987473874696,0.5747397269685883,7
-2.1283072222758905,0.6625119742911393,-0.22156284737861787,0.06024190013390446,-0.21221847243893008,1.1679513973785192,0.816194962757308,0.34004406507729656,6
-2.335784226090908,-0.13436554366128525,-1.5886615401065198,1.5933989218551776,1.765019930699003,0.9161041311742142,-0.3242733003099012,-1.1361934629058004,5
-1.1914104612410676,-0.3966444649083175,-1.1067531205867382,0.19391601620317797,-0.10777060795398319,0.6117686569385811,-0.10517792307692958,0.38160281191900086,5
0.48553005656179904,1.1922867722172006,0.41516336935316966,-0.49627882719050936,1.1374749856335746,-0.5060009369842076,1.5184098052504367,-1.177782587672063,6
0.860332894136077,-0.6602802062192181,1.7027641237525217,-0.1360174416727907,0.11943190419481545,-0.7282283659996572,-0.0915921425983242,-0.5008456982770005,6
-1.2960679416626242,1.3811534495749136,-0.6997707119862703,-0.30195135069810064,-0.04364191637612356,-0.6129141431022932,-0.23010062739902476,-0.24015833171419335,5
-0.3585038721104112,0.9333719105966026,0.7083852595608362,-0.28044017349108125,-1.1661263185381572,-0.9353368484819438,-0.6715988448369598,-0.5744799985927339,6
0.6491834762152744,1.0532539517408048,-0.6496116044001649,-0.549536902315556,-0.6237227666921592,0.42109066169494874,0.005312366931660729,0.3477788100434327,5
1.5554025615333693,-0.8968653191320959,0.02879939112180532,0.5347251519218015,-0.6504619490633913,-1.2020901875050294,-0.6105409466178732,0.6828187828320023,6
-1.628624434356157,-0.1218236158834661,-0.004087861371150532,0.8446268323434609,1.1444255064798374,0.46479399924797893,-0.12142658121631353,-0.08934433062229544,6
0.2933448922371938,2.4539007034039484,2.5294228996854207,-2.246845709285311,1.6233982062142593,1.6734852519883836,-1.7466771210815981,2.066767034898841,6
-0.24355643889457534,1.0146487808871245,-0.10390535019794975,-0.2377218459489758,-1.3719697440551195,0.3887925414403117,-0.4377467573366181,0.277087308501246,6
-1.4694407476561957,-0.4221493313649546,-0.34290415334554647,0.2692987244336617,0.8505167071955769,0.5653641808722113,0.24173417290382462,0.05363755085183939,6
1.0231612528429443,-1.222956390827284,0.1635441779565042,-0.5938859097169006,0.25913028427030416,-0.08697784911606143,-0.04016391367021951,-1.0123208774736026,6
-1.8376654458319521,-2.50431615634147,-0.20606899358046632,-1.0926878935325965,0.5226243805613715,2.4349777547562983,-0.1934752118042924,0.5770483038648571,5
1.5534905056624988,0.013127547460637027,-0.42663228157121375,0.21620128581046255,-0.16543930539596974,-0.024815245653699716,0.14869874138905656,0.8411902371354177,6
2.9334105738972593,-0.5896423519838827,-0.8814610013674179,-1.1058283447754191,1.5742231076147264,1.2019086154332106,-0.10465444332021792,-0.37199542618259807,6
0.6412455011468542,0.7977339168651236,-0.04582190434061636,0.5445027701774121,-1.184440137985231,0.9137496915473642,-0.2272751016609061,-0.11156995087889879,5
0.7491157012603353,-1.8066870245676059,1.3262238423118504,-0.5752790115542538,0.9054840539414605,0.6510183803975121,-0.9252303524519215,0.06795549782689492,7
-0.9963442506564819,0.31891622534183756,-1.090897057111991,-0.33775128195872256,2.3939627140761415,0.9689880823509537,-1.0932539984159266,0.4356315895505699,6
-0.3087419829076323,0.4493137135261013,0.6562767079052576,-0.14394967865291472,-0.6958977884679549,-0.02762060614074997,-0.9471273727041515,0.22677195917654222,5
-1.4716517699635867,0.345011438756431,-1.091882442163186,0.028411094082561393,-1.0298239791316002,-0.21664211491595647,-0.7259810961830996,0.24631438057593377,4
-0.04750213736952168,-2.0586770807675863,0.8773690430134994,0.13844158007083446,-0.6896491430789095,0.003038197270358237,-0.2881534418144278,0.5203295250532822,6
1.5554025615333693,-0.8968653191320959,0.02879939112180532,0.5347251519218015,-0.6504619490633913,-1.2020901875050294,-0.6105409466178732,0.6828187828320023,6
-0.13731041748180642,-1.4664971765723558,1.0842344615112853,0.15253485977395237,-0.30378349958041206,0.12769689989015537,-0.16224775434006802,0.7785617794728906,7
0.1575136357047154,-1.7987086538630963,1.2459198564050045,-0.7204207947313885,-0.454881224770282,1.15584312901865,0.10344981199024153,0.0660626353439801,6
1.3319354010102797,0.7309573770067563,1.6847050210344534,-0.3533071881003141,-0.3414445048211778,-1.132071717042144,1.0471921144650826,-0.5151768132544512,6
1.9155346688860462,0.17155414565617041,-0.08561187218730372,0.7565389385082218,0.15260508240475035,-0.1762420863167281,0.9892856714801525,1.1517233479983338,6
1.4616045378323874,0.4686905435738323,-0.8294964905368657,-0.4468028919374288,0.06207514971017245,-0.020404045364335183,0.5775447261179201,-0.14512055318885736,6
-2.193986102388857,1.6330988567357045,2.042156210791386,0.26975247394219426,0.2423627935212755,-0.38136980589845726,0.5346166196424295,-1.0230550564359466,6
0.3108146490588189,1.8732717617351384,-0.03124941971967996,-0.8363100379960108,-0.9221147821683872,0.47402602417214723,-0.330032329921812,0.4058835072148438,6
3.0623599478829533,0.8132551206259814,-0.36862717604403583,0.4566262316547946,-0.2960779485006643,-0.08247658763318089,-1.0291468274249094,-0.9035865113384502,5
-0.9327562441081328,-1.060413356025554,-1.608808400439462,0.16093208744690085,-0.820252117002258,0.8468676818766833,-0.8129702314246243,1.0863874609052637,5
0.0031224288581126127,-0.027084026476612864,0.3540423114023496,-0.2667862354127923,-1.106975450712099,0.3041746415690964,-0.4647017308158904,-0.2840026847925062,5
0.6695068894924247,1.014722402015282,-1.8236550381886893,-0.4093279361763095,0.3985575044785484,0.002395167648828004,0.0143739613131384,-0.05707506235213005,5
-0.5696708513152061,-0.7257329334763697,1.4126612266783776,0.39219890780570127,0.10191077793168529,-0.3968464079535779,-0.1749401511442529,-0.05679784590785685,6
-0.15095431727600525,-0.052734736783875906,-0.3103573168225011,0.1849616463523662,-0.381755663200657,-1.3563902229518792,-0.7956331094680061,-0.49249098585677714,5
-1.2031530458635353,-0.6387663365463986,-1.733157842713105,0.007284144111197701,0.7921523379166143,0.7715567313585938,1.0682004223398929,0.37008074119083895,4
4.648268526843301,2.2464844428893618,-1.0310411761493081,-4.349461715330984,6.026661170671752,-0.9901009550873268,-3.0098519539637274,3.2299982053268037,5
-0.888360171993564,0.19110880688836593,-0.8944390261906807,0.4884081349851477,0.333771605187546,-0.9535837983363327,0.6285293575842569,-0.3324388308700004,6
0.19357263891545562,4.053559854408421,0.9214316222226944,-0.09406766960908584,0.6825053390489666,1.0870238271893569,-1.4172811214908383,-0.6232522452974247,5
-0.9282350835711762,0.752146258566722,0.8944013377007476,0.4212466373235988,-0.3192409137162342,0.5975754406984802,0.4594121199959966,0.2773054185946652,5
-1.5000984811823523,0.3806979409549892,0.3080366030048291,0.13892609098513986,0.10556559601946469,-0.013555401440949714,0.5784249304629313,-0.1831377781847134,6
-2.247573941686376,-0.265600368156563,-0.9746823840273483,0.3210748977236807,0.8297666463499647,-0.4248533634159507,0.6605218195108622,0.1176255476721916,6
-3.0355617569363957,-0.9529245462490533,0.20332519500940205,-0.5525268453668672,0.9162602323987515,0.6289159340492961,0.14247905758985235,-0.31169552079629204,5
-1.9869717799163198,-1.7725437817865661,0.10779615481193691,-0.31836241263390475,-0.036566922655871185,1.0584163041091859,-0.2338824785629732,0.046414402348250526,5
1.8186673637054915,4.633185481605092,1.6876632136221037,1.417546364262913,-0.22537404693620175,0.38626996334191144,0.36650154953273967,0.03586921071317967,5
0.7428669183875763,0.6342689331135253,-1.3056043704512958,0.5381247223253978,-0.8266674755555579,0.5707628803080761,-0.14569420840355354,0.6788601393863203,6
-0.44845950710332866,-1.0616465756359064,0.8413709594143556,0.4008926017589896,0.053539197609206154,-2.6171980997954924,-0.45326859111315904,-0.31089015478870685,6
1.407004628446546,-1.4143439851842927,0.9515766158747847,-0.8739101194069229,1.8861124218196634,-0.19212171584029467,0.3073936566522,0.11951058517253343,7
-0.5563703407806359,0.9906320573001013,0.47584415135391167,-0.5588128193439278,-1.1538623432441715,-0.8521694259296038,-1.2778233155023901,-0.9028959325170982,5
0.8747835547472331,-0.9010127268183106,0.4466407546268507,-0.20688944399140868,-0.3185536406586392,0.3871390403395686,0.147512265488648,-0.055065784753020486,6
-0.2899859585887461,0.9603613000285742,-0.09546705146665249,0.10090811513057871,-0.9045649685378666,0.6438649619121543,-0.092849165925249,0.11645007167560754,6
1.445918122819184,-1.5605177745822887,-0.5434397360899184,-0.1663554668965414,-0.10057773432491837,0.18126533577714768,-0.2547743881660326,0.413541148041832,7
3.96438352066705,0.6699804447090772,0.48785507893407765,7.048974272330977,1.4719849177267497,1.3262298054704045,-2.338975849368139,-1.7811132766817188,6
-1.3071781571798191,-0.7112991345970789,-0.09633054283112392,1.1346487298597916,0.8198717019207578,0.429161490323931,0.2001173941980042,-0.3791633794375096,6
1.6940282784915366,-1.0542225226383184,0.989336618590089,-0.2862871396333874,1.5512156987802195,-1.189263847512861,-0.3295183155227192,1.8515731233575776,6
1.4008621149172866,-0.7839315047973004,-0.22011058020105245,0.33684973032948223,-0.9857575909410116,-0.25624088590840816,-1.34782625703113,-0.6159523166605345,5
-0.02543633153783184,0.3892525794063576,-1.6031023058024372,-0.04139370960580671,-0.3792423076866501,0.06787560907499891,-0.16175479828213915,-0.2052006678372566,4
-0.31810969226249064,-1.009837258915153,3.667413664805776,-1.0462776093615913,-3.183330823671783,3.255759063969014,-0.8923413425213154,0.9625679333531929,6
1.416018933715167,1.3121635045406788,0.31290179818202857,0.01987009753424785,-0.6571172514277821,-1.4789787688050184,-0.33122617869079013,-0.43696666104010906,6
-0.8563897267543068,-1.5845335310975237,0.38353789262431415,0.25714225021153103,0.8355945395546789,-0.7774458523171994,-0.597038484612745,-0.28888499321240835,6
0.042718059061781055,-0.8231598541584729,-1.3510155432947115,-0.12653536334110502,-0.8999431924647195,0.9101491385018777,-0.2983952395481924,0.4467986904576896,5
0.32538885434071,-2.3300194676642927,0.4736761005507829,-0.6209493180069333,-0.7721370026574538,0.9722652011007392,-0.527767876543212,0.30827534121757144,5
-1.1515485524356208,3.0988135826934204,0.7037375231364364,-0.7490746541061915,-0.448946419689667,1.0925505537972904,-1.0204075542211546,0.6018839130348639,5
-1.451113251549377,0.12674872736706802,-0.5043495550721967,0.20674940651204393,0.30989806850945095,-1.5205605987207451,-0.14308304708887135,-0.5925854511328738,5
0.7426661424376225,-2.115692526187897,1.175251570709561,-0.005121230464673365,-0.15796843877850097,0.7817357167990167,-0.2958007924142657,0.7036964568394836,7
5.336186221296361,-0.13354695222131166,-1.963440414411484,-1.4197885244156438,1.1492370376603644,0.8502506441019495,2.081852723486601,-0.054956814275829845,5
2.0245252660769766,0.2544645083714085,-0.7554030856968957,-0.2980776074313768,0.05317869259875475,0.8458793841764919,1.5504077450612632,0.39554304337224305,6
-2.2394571175807623,-0.41995695314310094,-0.8058499752049418,-0.034913459376194236,-1.050458149650713,-0.09235183904193177,-1.0470949614825036,0.5904924119829409,5
-5.071587269374361,-1.008301867986127,1.1905621814080818,-0.13774814413441605,1.0487176346784723,-0.7443260539311103,1.0705145222105685,-1.6344080443976914,6
-0.3382080129352045,1.120236040756481,0.835966964620708,-0.17129394296631079,-1.2544898846407302,-0.8359621674546782,-0.8376073157352971,-0.5483081208417078,6
-0.39479130341227764,-2.2997687817197323,0.3572350822778095,-0.4265353925426375,0.08475290301827376,-0.7321928293056873,-0.7919835153834321,0.3186244842649255,7
1.1006738460727434,-2.506587942828284,0.9095489958161215,-0.32763243659673313,0.5416786034549772,0.15204830893541285,1.5969749958978676,0.004628661316421431,6
-0.10489942328373954,-1.0775625556975788,-0.6933397351263755,-0.8416115563809718,-0.2569669552240099,0.4225207975974226,-1.2339817435224116,0.21577365390602926,5
-5.184888318715837,-0.9858850949425013,1.2271937103218926,-0.08636626101564904,1.0664935810130252,-0.768773648148475,0.9904464043735762,-1.59506643753185,6
4.683905436577884,0.353708461062326,1.1434772577108756,-1.5522013515023925,1.8096059929791812,0.9411773838700528,1.6176257371037028,-1.7397445171308843,5
0.2251788170324191,0.7474666872113331,-1.8543700259739386,-0.20790481929487392,0.26498431660641136,-0.057827664817243794,0.13208069216858564,-0.04135809885299416,6
-0.02826301172304628,2.053777691246551,0.8199526815313012,0.010251828456236201,-1.5963496210646269,0.6167049359007233,-0.15775348510591838,-0.002269774876545188,5
2.0363267019599,0.9646401605408638,-0.49798720594311946,-1.16975096567202,-1.4144153818309273,0.27908149701755136,-1.0301855985367108,-0.6395314246815497,5
0.5742845451915427,-1.127560926111433,-0.07159493613882445,0.26134443595650325,-0.8277850033977994,-0.7035571959527769,-0.09413026447118998,0.5546256339306073,5
1.2965656144743227,-2.360019793373304,1.5815980338827105,2.7137185295736046,1.1087251910620481,1.718243954038425,-1.2144552710418002,-0.2830396979525771,7
-0.46198541696350426,1.360555174467976,0.6150846162993221,-0.46597648023164995,-1.076433452437113,-0.7335084374012278,-0.9237385165077847,-0.9225602705910996,5
0.8558663939767499,0.9748938698910402,-0.5172600170007058,-0.6626069944311129,-0.3097056199502768,-0.9515536005743034,0.5027372961234953,-1.1974847079029347,5
-0.7833640700892389,2.29951735953456,0.6826696155077273,-0.6792117916775466,-1.589504431742206,1.2448812079550924,-0.19383901347977228,-0.26120241097607827,5
-0.9077628337997594,0.18178098567857148,-1.8516293282292438,-0.19015331360840865,0.4024305222946251,-0.014403416852126807,-0.22427314444905871,-0.14099397362138685,5
0.3439346114672349,0.31560042507172176,1.882706351346207,-0.23933534500954826,-0.7498230919223066,-0.86896318274115,0.5156882440948328,-1.306155641167439,6
3.6617433598447366,0.8115419407328115,-0.7791480600235113,4.724922885475731,1.5025267141231484,2.0325489203326277,-2.5733796765377464,-3.0268555621857827,5
-1.4978529803050635,0.4601895384382404,-1.7444014294857366,0.14300480307510646,0.17518996891556693,-0.8564544467899368,0.18593564572223764,-0.2542612724787918,5
-1.7466475458864354,-0.1660238830140276,0.7111256212984175,0.4967132820046575,-0.718187724182465,0.8136294998760697,-0.42840177699640725,0.5621471394768958,6
1.6230350972165324,-0.607601280125681,1.9989614486271816,0.6985017295675785,-0.41009379032983445,-1.561210571000151,0.9460856591884889,0.3382441596734121,6
2.410786630920307,-0.3613869955524302,-0.13539585489735095,-0.512117135304882,-0.968670038046607,0.7282802174883184,-0.08675209419556101,-0.5182329355176327,5
-1.4501988940427173,-0.09893383876155355,-0.6725967327468456,0.586129827364497,0.2602952433968171,-1.1679413846976319,0.05864787528050967,-0.6460181932485088,5
-1.6865007692687835,0.4562571565596562,0.2575580735117428,-0.02875071744948018,0.026168038966903284,0.08148337166345755,0.03184060997098052,-0.012122743127537557,6
0.1829418499121918,-1.6840103216855329,1.0918588733879782,-0.7068468823870457,0.2686171647547334,-0.33693709576684544,0.026607887884903637,-0.04620403765689034,5
-0.9253758524638447,-0.3611457208268204,-0.09530753979682056,0.37515292879388007,0.23014802542159954,-0.7279073135323961,0.2122398807495259,-0.40111120156575975,5
-3.014112628207859,-1.647579213566186,0.015549064339447836,-0.6837148615603652,0.6171328371037678,2.1220318529013276,0.2971864363487934,0.028624647008016244,6
-0.9314420394018236,-0.1261584515331245,-0.7434482513343444,0.05167541852661587,-0.4874348442029525,-0.15853783857858522,-0.1712024975727262,0.248563202052003,6
-0.5102227012210621,0.09125924574947832,-1.1085467412517511,-0.4615840474604305,-0.476233683968622,-0.19660197215227607,-1.133090110874851,0.44942054631813527,6
0.7428669183875763,0.6342689331135253,-1.3056043704512958,0.5381247223253978,-0.8266674755555579,0.5707628803080761,-0.14569420840355354,0.6788601393863203,6
1.6790764508844673,2.0959150522238335,0.23173218565626372,-0.20860493223078716,-1.8315190958543173,1.444576293884609,-0.4853734725756041,-0.5543397538454871,5
-0.6612197243761154,0.4761864634478601,-0.549010748638573,-0.13563825977231941,-0.41661643911987517,0.2305384133888638,-0.43496498943945305,0.21872367667134396,5
-1.4610798788176127,0.5550739702134191,-1.5205095810317109,0.09657253002253023,-0.012887192156292568,-0.9369878452171375,0.12598082405743194,-0.2847492469778219,5
0.19090686985115765,0.9234482400077266,-0.7355932747400206,-0.10830661617313962,-0.32938495824833985,-0.5038648721435863,-0.004037483840791903,-0.08113652708319288,5
-1.9893873321633482,0.7119523868513814,1.8571642120599037,0.1728173698642423,0.13067856864081726,-0.7074805572745229,0.6041430111696373,-0.10018351201383262,6
0.3234089868648153,1.6688674912717527,2.9088113950125942,0.02723913522861673,-0.7295300356778737,-0.31499815462828545,0.12499707155585654,-0.20243831040987126,5
0.23069916208390406,-0.1243139091770014,-0.9579424883034433,-0.681227427326041,-0.6658357052654261,-0.36124867761609947,-1.1206774901582317,-0.42624042240512905,5
1.0780067219842862,-0.3461474945128372,-1.8528799581256536,-0.05954978743105242,0.07878046008284731,0.5829003376741378,0.5685197079541326,0.2744622697755422,5
1.1152833261645807,-0.8112543091988451,0.04808702433163043,-0.26976583455762704,0.3917766692642662,-1.190751787587715,-0.2504087723467294,-1.7603362952531973,5
0.899602660018573,-1.7995611470429436,1.3417081544035154,0.24887947237703084,0.4735140292466111,-0.47840767662230277,0.5826693573081321,0.17711887983136268,7
-0.9770528285132228,-0.5743210552317509,-0.31100780154619917,-0.49457376902398703,0.5260816537416122,-0.08455507856120827,-0.6017610033235685,-0.6278844427099424,5
-0.8184835369484514,0.3063858733351112,0.8506681684385096,0.08093421686091541,-0.6133466548140206,-0.24224339949637555,-0.22027048180481643,-0.0641188902938569,6
-0.6136887703363386,0.5987539538976856,-1.3924580794606978,-0.14761192238978266,-0.4200914864876125,1.0932870413332036,0.24983267318433025,-0.2898248833182091,4
1.1277376933337326,-1.9486463421571043,0.15808138818300674,-0.5519205180695161,1.4056317252177657,1.3027854301931647,-0.6141885775312613,-0.0816675319540171,7
-2.7365911030938954,-1.1798217649487146,3.4666635597173396,0.4356002408049126,0.7100179409617426,0.27549950653389194,1.0347218136210843,0.7210368791042882,7
-1.6041053144681205,1.5357315200084967,0.5224012691301887,-0.29645440181661026,-0.47922805985198536,-0.0885718572917197,0.5865422257065739,-0.31304730320581187,6
0.07666192291985577,1.808984853689451,0.22523178753080866,-0.38705840587273976,-1.5446856024537772,0.5297606573372727,-0.17587544476515793,-0.134100650908795,5
0.7353344766325375,-1.7125723651098421,0.1747596390790788,-1.3256147623953742,1.7141872944101526,-0.5969368584713481,-0.552453533155634,0.34416846460954004,7
0.004136268749424905,-0.7071320617396627,1.3193120577411623,-0.2654429257537998,-0.2616174193810276,-1.2882714211304567,-0.1680870824249603,0.24038175484591012,7
3.356316685531779,-0.570349762365092,0.9366078951113679,0.581995471093041,0.08371825819565244,-0.8064748956838416,0.9845992645476342,0.6967776931439739,7
2.193225529490103,-1.747395019933404,0.8095361390413011,-0.7251530447253525,0.128461095333052,0.05251050114456133,-0.22844339535495864,-0.27116901781416564,6
2.049275960918144,-0.9052642737414958,0.055695842684604056,2.761680114628599,0.5913359186833114,-1.4545057609381518,-0.19466294582108537,0.1722352332227068,5
-2.298062246638271,0.2436915966200244,-1.6313752812504931,0.1534884212326529,0.681621046749642,-0.18702103214787058,0.5591044171565719,-0.19983143151449573,5
-1.3407829611576607,-0.2504842761306675,-0.6081832924675785,0.036687037575730996,-0.3140047204480049,0.1346686250204481,-0.32141294135288084,-0.045736943851996295,6
0.7484077772287221,-0.5236508230610909,-1.6188544326524954,0.7466922515535418,-0.44405845050208376,-0.006205719450438509,0.5332558221755609,1.009407804010808,5
-0.18034271041062078,-0.3816598115101505,-1.7019260285444149,-0.9531119427283458,0.2245859338330466,0.3769245393291663,-0.6716210889668611,0.6109598225452035,5
-3.087270120476068,-0.02323865919479196,-1.398337629864593,-0.37121191822508726,0.8854769842002846,1.5642441858280047,1.2088384960793943,-0.6750089595902853,4
-1.1450817367638864,-0.6994929661051337,0.46131887100273633,0.20603984164768038,-0.40208130091673605,-0.0667358732760496,-0.5335029692018666,-0.08146172963113635,6
-0.7270121583524564,-0.10908490843824528,-1.7081802121049678,2.1133130283468606,0.5061860304985227,0.6156345494448158,-1.1389964835620177,-0.8488970607485382,5
-0.3441619684957366,2.3551337822761487,-0.8735450479226823,-0.33254702357206384,0.09108666812852495,1.3329320990473368,-0.3465356782704624,-0.31553056526107753,5
-0.9332036880741051,0.20852737803162785,-0.7222800385937189,0.8897873394184121,1.538565702131217,-2.912850507176218,0.501690810204372,0.22457977814965896,6
3.299430670759833,-0.8112829954483699,-1.4712719935234122,0.07562881791412224,0.4978332151765584,-0.11646851569066903,0.1608657092294474,-0.4352698225449625,5
-1.4888613556808445,1.3174223926328306,-1.6372462877006797,-0.05550440911792796,-0.09247375642307235,0.7293314387821961,1.0990237224331254,0.24133456369214373,3
0.37236049373201685,-2.8162387443978876,1.1682608633880371,-0.034673054570341054,0.21640104209682362,0.8674185529970141,-0.7587249944608173,-0.18998335236399375,7
1.5577152660350226,1.3921622187504479,0.6896390461239044,-0.3910445625144865,-1.3292995739594131,0.05827538865527682,-0.2601807364132917,-0.3137158286430948,5
-0.5414132794095705,-0.6697093815270937,-0.8856344639010648,-0.17619758923944379,-0.7108372033005247,-0.26924845749809095,-1.4317928678872323,0.13713275923231755,5
-1.3142076123729762,0.42839788887629693,-0.8758293556805461,0.29090802617553246,0.2362481471395072,-0.747133761607144,0.5267991795844786,0.19303662872631783,5
2.4246669200555306,-1.55883379860944,0.03560468785365735,-0.1887179003039073,0.28078694080792604,-1.159087717555296,0.5997754998034858,0.20653942259339378,6
0.5239346412247489,-0.35372351590732604,-1.1306225183666774,2.710280622340288,0.6318760666075,-0.5784529264856554,-0.5065031874345481,0.6643583389252442,5
-0.26836842925969473,1.7212779051107538,-0.47998957539212156,0.6675248994319384,-0.8572019893645716,0.7548006372303547,-0.0448954623374263,-0.06615180813932613,5
0.08690870614336933,1.7889484524509265,-0.02842188395292271,-0.521262278736579,-0.8166636089104113,0.37136606649198506,-0.38846655651496215,0.5392342481092338,5
0.032712767356840096,0.7085589279266796,0.5729730447407256,-0.34443271333087294,-0.777574377441318,-0.4943307156193813,-0.0313842316874315,-0.07575211497071223,7
-3.014112628207859,-1.647579213566186,0.015549064339447836,-0.6837148615603652,0.6171328371037678,2.1220318529013276,0.2971864363487934,0.028624647008016244,6
3.9621803030045797,-1.4797774495505818,-0.006243127166674416,-0.5850153188316356,0.07884147755974565,-0.4125655970303505,0.44940910969875436,-0.9074913574332033,7
1.3381228183064766,0.43279305193048534,0.9877168841013122,0.323779600201288,-0.4492111022683843,-1.2012744310245806,-0.44162587449594176,-0.2801408100530178,6
-1.541833768325582,2.400205476066865,3.073018933821052,-1.163513693774982,-3.185105647857017,0.006072443152908679,-1.6356325760066168,-0.028342809494626423,5
-2.207772397373876,-2.0067763602882334,0.3559298643477827,-0.0030048213702678706,1.0182810658808685,1.1151826654185917,0.8298520622477594,0.997173800939273,7
0.6039636263753922,1.291420427522147,2.751062465957759,-0.0635356557056909,-0.6184801361573491,-0.35906109485410553,0.04579243420988892,-0.6366901828573914,5
-1.7410731263371853,0.25685363006092826,-1.7684199943170664,-0.0412052310466083,0.13144545440038036,-0.5742959677950783,-0.2926443534858125,-0.05692830948075766,5
-1.3232366522555292,0.15676302941104756,-1.2407505635459886,0.6467820472913105,0.915410004236056,-2.048057811579957,0.4590526836424237,-0.5687811160030154,5
1.032136427067204,-1.248080102550893,-0.3455865487854027,0.31122413274030175,-0.8603901765779293,-1.1293058123530326,-0.6904586045729664,0.284049054314826,6
0.4582910279798131,-0.680889589886748,-1.7506176148537753,-0.010624015217456541,-0.2889380872130361,0.9454107672383377,0.4435773078535724,0.7633951477141094,5
2.288364200442001,0.7760777513946637,0.9369563203947573,-2.0067286707368273,3.3303836003252516,-0.5973251955954799,-0.7092931710016257,1.4368898510776613,7
-0.642706869634464,-0.5291961504621266,-1.5052433114950332,0.4923407752777787,-0.4027811107280334,-0.4255181575794484,-0.07512222351629864,1.077827734283887,6
1.6318919046589433,-0.011578425324656296,-0.16006856025742452,0.029325587971854496,-0.3507285667509424,-0.3121653601355508,-0.16044713714513423,0.2408885833769405,7
1.5332594509769957,2.521417964942833,1.3237284582285362,-0.9705565560115762,-1.94301979469709,0.28048972873122624,-0.4594495624416152,-0.7398711259729975,5
-0.8047449605468311,-0.25587762353832305,-0.5592278920368707,0.18862014766151158,0.24982977235719098,0.29432787406832656,-0.3141632001819,0.4903073254291251,6
-0.5088807361849562,2.616748134782548,0.6883129340077088,-0.4698481756668509,-1.550935138028059,1.2108129506937868,0.2500718669273991,-0.22630374379183943,5
-1.3610766249091009,1.1965157117803675,0.07820809731577211,0.014100307027871933,-0.704695654291831,0.7506555794339728,-0.2189772988106498,0.09035693772858061,5
-0.6409297295913678,-0.4557340303767472,0.45893365994405083,-0.10769393705194936,-0.6298547759338403,-0.3643988677971609,-0.37239373195615,0.05571009518850278,5
2.2512290881223516,0.9076731462574394,0.7335425314918559,1.0810743062555586,-0.27958575119035955,-0.7750348048123251,0.8887162746385766,-1.575543403485355,4
-1.3927163113037015,1.5023779436737108,-0.5043648648847625,-0.2763034718472049,-0.1926620136130571,-0.764648325048365,-0.1612373846089479,-0.3257274810242779,5
0.9620560455657495,-1.7491795044308682,0.08691637880417687,-0.6375220079759505,-1.154119669080424,0.7192617794778958,-0.6794014692562389,-0.040289069232188474,6
2.1758660930482914,-1.397137019273838,0.27806732858699784,-0.8843135111702601,-1.1945911709904409,-0.04747539898195576,0.3298119582350305,0.0384128351803461,7
2.754705236422588,3.720383355212637,-1.5207912035045588,-1.1965164822597878,2.0457307970025145,0.2381632059623106,0.8847242354399417,-0.08888833314354887,5
0.21950658522052022,-2.8660074936436133,1.815332687425973,-0.3444466534704265,1.3348228097889479,0.9334392208518575,1.1034587906621591,-0.06386275036176861,6
0.6940920288722823,-2.4184506430311354,2.287323142764389,-0.27363758935444416,0.9661203951209509,0.22772606190277042,1.2831149632736076,0.17119674577277713,7
2.8210143971647073,1.9868697343744042,2.487779792837323,1.8361102326768712,-0.9803173725131449,-1.1527021227794148,1.4526501022429708,1.0531128508663274,5
-2.3378489254468526,-0.11518505403713217,0.1763266644239154,0.3284022940750323,-0.04312663025079215,-0.6634854068932313,-0.19082434121334946,0.2585566468894519,6
1.4018011707633253,2.019345244041826,-1.0760831658335641,-0.7947112626204679,-0.3738585139636615,2.0471802680800657,1.7398215660868734,-0.31230854735947716,6
0.36465350441816513,-1.2494409369703419,0.6733960054918223,0.10522936680671997,-0.09277521181914702,0.25463969900754935,0.6455220244129652,1.154092415196955,5
-0.870777437272186,0.04672811798109197,0.128368879441169,1.0658993060088975,-0.6105758705174215,-0.8610260297531793,0.07278914201573754,0.8465698693793742,5
0.8266763424065853,-0.6234907199350285,-0.685246632898086,-0.7988697949859588,-0.2054360056297936,1.3891149083923873,0.9417196926533457,-0.0881908667349373,5
0.8784234184648652,1.072853891084202,-0.05189293994629387,-0.5371841939429612,-0.6468495765572901,-0.8419684087096494,-0.10020912564619898,-0.6765573266852128,5
1.3321449518740793,2.017673827595387,1.545966730899507,0.7804933375112902,1.26839027701269,-1.4988894467201102,1.56764074165637,1.6581970877813892,5
-1.9760108224926625,0.6692695260170478,0.6184624972042843,0.3204450482745239,-0.1763990740760347,0.08437233749525962,-0.2389057084088396,-0.3255296670419543,5
1.0192043156405544,-1.485190341501269,0.67421776167544,-1.575367613019035,2.1916976829621646,0.2814113000293451,-0.9705005783961144,0.5384451829984495,7
-0.5733018702151368,0.9645249600775166,-1.294015400344833,-0.04169479818661932,0.21733102711842295,-0.0678261601017602,-0.08071378503966355,-0.5470571226208942,5
1.5554025615333693,-0.8968653191320959,0.02879939112180532,0.5347251519218015,-0.6504619490633913,-1.2020901875050294,-0.6105409466178732,0.6828187828320023,6
-1.1030383496761311,-1.096516452642518,0.8373496831333264,0.9134472182599993,0.36313987339238135,-0.21083510953280984,0.5733537024490571,0.45146843470196624,6
-0.9315962867312254,-0.24780801578705286,0.22549635214130317,0.26294706712746896,0.8192514199436765,0.27417408131266763,1.0897015081005657,0.5357943757873906,7
-0.6030819947678816,0.6921104792576951,-0.06741126497043991,1.1288770854384886,-0.16906199677592743,-1.0484921381117978,0.19430290181299492,-0.11185238593845563,5
